headline,image,article_url,keywords
Graphic Truth: The Trump effect on Canada’s US-bound exports,image_8.jpg,https://www.gzeromedia.com/gzero-north/the-trump-effect-on-canadas-us-bound-exports,"['CANADA', 'DONALD TRUMP', 'EXPORTS', 'TARIFFS', 'TRADE WAR']"
The Graphic Truth: The majors least likely to get you a job out of college,image_9.jpg,https://www.gzeromedia.com/graphic-truth/graphic-truth-majors-job-likelihood,"['artificial intelligence','college','global recession','graphic truth','unemployment rate','unemployment']"
Graphic Truth: Same-sex marriage around the world,image_10.jpg,https://www.gzeromedia.com/graphic-truth/graphic-truth-same-sex-marriage-around-the-world,"['discriminatory laws','lgbtq rights','samesex marriage','supreme court ruling','transgender rights']"
Graphic Truth: Over 60 ridings flip as Liberals retain power,image_11.jpg,https://www.gzeromedia.com/gzero-north/graphic-truth-electoral-shifts-in-canada,"['Canada','carney','liberals','election']"
Graphic Truth: Canada is winning the real wage war,image_12.jpg,https://www.gzeromedia.com/gzero-north/canada-is-winning-the-real-wage-war,"['CANADA', 'FEDERAL MINIMUM WAGE', 'INFLATION', 'PRICE GROWTH', 'UNITED STATES']"
Graphic Truth: The global arms market today,image_13.jpg,https://www.gzeromedia.com/graphic-truth/graphic-truth-the-global-arms-market-today,"['weapons','arms','United States','US','Sales']"
Exclusive Echelon/GZERO poll: What would Americans annex?,image_14.jpg,https://www.gzeromedia.com/news/analysis/exclusive-echelon-gzero-poll-what-would-americans-annex,"['echelon','United States','Greenland','Panama','Canada','Trump','global expansion','annex']"
Graphic Truth: De massive problem with “de minimis” packages,image_15.jpg,https://www.gzeromedia.com/gzero-north/graphic-truth-de-massive-problem-with-de-minimis-packages,"['de minimis','us-canada trade','trade','trump','biden','tariffs']"
Exclusive GZERO Poll: What will Trump do first in office?,image_16.jpg,https://www.gzeromedia.com/graphic-truth/exclusive-gzero-poll-what-will-trump-do-first-in-office,"['donald trump','polling','echelon','deport','pardon']"
Battle of the bots: Trump trial,image_17.jpg,https://www.gzeromedia.com/news/analysis/battle-of-the-bots-trump-trial,"['TRUMP TRIAL', 'MISINFORMATION', 'CYABRA']"
Battle of the bots: AOC under attack,image_18.jpg,https://www.gzeromedia.com/news/analysis/battle-of-the-bots-aoc-under-attack,"['AOC', 'MISINFORMATION', 'CYABRA']"
Battle of the Bots: Violence at the DNC,image_19.jpg,https://www.gzeromedia.com/news/analysis/battle-of-the-bots-violence-at-the-dnc,"['CYABRA', 'PROTESTS', 'STUDENT PROTESTS', 'DEMOCRATIC NATIONAL CONVENTION']"
Bots battle Bibi,image_20.jpg,https://www.gzeromedia.com/news/analysis/bots-battle-bibi,"['FAKE ACCOUNTS', 'BOTS', 'NETANYAHU', 'CAMPUS PROTESTS', 'CYABRA']"
Graphic Truth: The immigration waves that made America,image_21.jpg,https://www.gzeromedia.com/gzero-north/graphic-truth-the-immigration-waves-that-made-america,"['Immigration','US','United States']"
Graphic Truth: A world thirsty for peace,image_22.jpg,https://www.gzeromedia.com/graphic-truth/graphic-truth-a-world-thirsty-for-peace,"['GRAPHIC TRUTH', 'WATER', 'WATER CRISIS', 'WATER SCARCITY']"
The Graphic Truth: Black representation in the US Congress,image_23.jpg,https://www.gzeromedia.com/the-graphic-truth-black-representation-in-the-us-congress,"['BLACK HISTORY', 'BLACK HISTORY MONTH', 'BLACK CONGRESSIONAL MEMBERS', 'BLACK CONGRESS MEMBERS']"
Graphic Truth: New US-Canada UNESCO sites,image_24.jpg,https://www.gzeromedia.com/graphic-truth/graphic-truth-new-us-canada-unesco-sites,"['UN','UNESCO','Canada','US','United States','landmark']"
The Graphic Truth: UN personnel in peril,image_25.jpg,https://www.gzeromedia.com/graphic-truth/the-graphic-truth-un-personnel-in-peril,"['UNITED NATIONS', 'GAZA', 'ISRAEL', 'SAFETY', 'AID WORK', 'THE GRAPHIC TRUTH']"
The Graphic Truth: Where do Palestinian refugees live?,image_26.jpg,https://www.gzeromedia.com/the-graphic-truth-where-do-palestinian-refugees-live,"['PALESTINE', 'ISRAEL', 'REFUGEES', 'GRAPHIC TRUTH']"
The Graphic Truth: The NHL is no longer dominated by Canadians,image_27.jpg,https://www.gzeromedia.com/gzero-north/the-graphic-truth-the-nhl-is-no-longer-dominated-by-canadians,"['SPORTS AND POLITICS','NHL','Hockey','Canada','US','Sweden']"
The Graphic Truth: Spanish political gridlock,image_28.jpg,https://www.gzeromedia.com/the-graphic-truth-spanish-political-gridlock,"['SPAIN HUNG PARLIAMENT', 'SPAIN ELECTION', 'SPANISH POLITICS', 'GRAPHIC TRUTH']"
The Graphic Truth: What Oppenheimer worried about,image_29.jpg,https://www.gzeromedia.com/the-graphic-truth-what-oppenheimer-worried-about,"['OPPENHEIMER', 'BARBENHEIMER', 'NUCLEAR WEAPONS', 'GRAPHIC TRUTH']"
The Graphic Truth: How NATO absorbed its old foes,image_30.jpg,https://www.gzeromedia.com/graphic-truth-how-nato-absorbed-its-old-foes,"['GRAPHIC TRUTH', 'NATO', 'NATO AND RUSSIA', 'UKRAINE AND RUSSIA']"
The Graphic Truth: Canada rolls out the welcome mat,image_31.jpg,https://www.gzeromedia.com/the-graphic-truth-canada-rolls-out-the-welcome-mat,"['GRAPHIC TRUTH', 'IMMIGRATION', 'US-CANADA']"
The Graphic Truth: The EU from its origins until now,image_32.jpg,https://www.gzeromedia.com/the-graphic-truth-the-eu-from-its-origins-until-now,"['EU EXPANSION', 'EUROPEAN UNION', 'GRAPHIC TRUTH']"
The Graphic Truth: Canadian lumber production ... in the US,image_33.jpg,https://www.gzeromedia.com/gzero-north/graphic-truth-canadian-lumber-production-in-the-us,"['US', 'CLIMATE CHANGE', 'CANADA']"
The Graphic Truth: Indian Railways spending blitz,image_34.jpg,https://www.gzeromedia.com/the-graphic-truth-indian-railways-spending-blitz,"['INDIA', 'INDIA TRAIN ACCIDENT', 'NARENDRA MODI', 'GRAPHIC TRUTH']"
The Graphic Truth: US-China: Cold War or Cold Cash?,image_35.jpg,https://www.gzeromedia.com/living-beyond-borders-articles/graphic-truth-us-china-cold-war-or-cold-cash,"['us china trade', 'china tariffs', 'china trade war', 'us china cold war', 'graphic truth']"
"Graphic Truth: The US Border Before, During, and After Title 42",image_36.jpg,https://www.gzeromedia.com/graphic-truth-the-us-border-before-during-and-after-title-42,"['TITLE 42', 'MIGRATION']"
The Graphic Truth: God Save Canada,image_37.jpg,https://www.gzeromedia.com/gzero-north/the-graphic-truth-god-save-canada,"['CANADA MONARCHY', 'CHARLES III CORONATION', 'UK MONARCHY', 'GRAPHIC TRUTH']"
The Graphic Truth: Cross-border economic anxiety,image_38.jpg,https://www.gzeromedia.com/gzero-north/the-graphic-truth-cross-border-economic-anxiety,"['US CANADA ECONOMIC VIEWS', 'MARU PUBLIC OPINION', 'ECONOMIC ANXIETY', 'GRAPHIC TRUTH']"
The Graphic Truth: Taiwan's shrinking recognition,image_39.jpg,https://www.gzeromedia.com/the-graphic-truth-taiwan-s-shrinking-recognition,"['TAIWAN RECOGNITION', ""PEOPLE'S REPUBLIC OF CHINA"", 'HONDURAS', 'TAIPEI', 'BELIZE', 'GUATEMALA', 'CENTRAL AMERICA', 'GRAPHIC TRUTH']"
The Graphic Truth: Female governance gap,image_40.jpg,https://www.gzeromedia.com/the-graphic-truth-female-governance-gap,"['FEMALE REPRESENTATION', ""WOMEN'S HISTORY MONTH"", 'WOMEN IN POLITICS', 'GENDER INEQUALITY', 'GRAPHIC TRUTH']"
The Graphic Truth: How much it costs to supply Ukraine,image_41.jpg,https://www.gzeromedia.com/the-graphic-truth-how-much-it-costs-to-supply-ukraine,"['GRAPHIC TRUTH', 'NATO ALLIANCE', 'CANADA', 'UNITED STATES', 'UNITED KINGDOM', 'NETHERLANDS', 'NORWAY', 'FRANCE', 'ITALY', 'DENMARK', 'POLAND', 'GERMANY', 'UKRAINE WAR']"
The Graphic Truth: Russia vs. US trade ties in Africa,image_42.jpg,https://www.gzeromedia.com/the-graphic-truth-russia-vs-us-trade-ties-in-africa,"['RUSSIA VS US IN AFRICA', 'UKRAINE WAR', 'RUSSIA AFRICA', 'TRADE', 'GRAPHIC TRUTH']"
The Graphic Truth: The US-Russia nuclear race,image_43.jpg,https://www.gzeromedia.com/the-graphic-truth-the-us-russia-nuclear-race,"['GRAPHIC TRUTH', 'NEW START TREATY', 'US RUSSIA RELATIONS', 'NUCLEAR ARMS RACE', 'NUCLEAR WEAPONS', 'NUCLEAR NONPROLIFERATION']"
The Graphic Truth: Who's making enough babies?,image_44.jpg,https://www.gzeromedia.com/the-graphic-truth-who-s-making-enough-babies,"['GRAPHIC TRUTH', 'LIFE EXPECTANCY', 'POPULATION/DEMOGRAPHICS']"
The Graphic Truth: World not yet fully back to work,image_45.jpg,https://www.gzeromedia.com/the-graphic-truth-world-not-yet-fully-back-to-work,"['COVID-19', 'PANDEMIC', 'WORK', 'LABOR', 'GREAT RESIGNATION', 'GREAT RETURN', 'GRAPHIC TRUTH', 'COVID WORK']"
The Graphic Truth: Will US voters show up?,image_46.jpg,https://www.gzeromedia.com/the-graphic-truth-will-us-voters-show-up,"['MIDTERMS MATTER', 'MIDTERM ELECTIONS 2022', 'VOTER TURNOUT', 'US POLITICS', 'GRAPHIC TRUTH']"
The Graphic Truth: Don't bet on it,image_47.jpg,https://www.gzeromedia.com/the-graphic-truth-don-t-bet-on-it,"['US MIDTERMS BETTING', 'US SENATE', 'US MIDTERM ELECTIONS', 'GRAPHIC TRUTH', 'MIDTERMS MATTER']"
The Graphic Truth: The world needs less cash,image_48.jpg,https://www.gzeromedia.com/economic-empowerment/the-graphic-truth-the-world-needs-less-cash,"['CASHLESS TRANSACTIONS', 'CONTACTLESS CARDS', 'MOBILE PAYMENTS', 'LESS CASH', 'GRAPHIC TRUTH']"
The Graphic Truth: The digital payment boom,image_49.jpg,https://www.gzeromedia.com/economic-empowerment/the-graphic-truth-the-digital-payment-boom,"['GRAPHIC TRUTH', 'DIGITAL PAYMENTS', 'E-COMMERCE']"
The Graphic Truth: The strong greenback,image_50.jpg,https://www.gzeromedia.com/the-graphic-truth-the-strong-greenback,"['GRAPHIC TRUTH', 'INFLATION', 'US DOLLAR', 'BRITISH POUND', 'RUSSIA-UKRAINE', 'STRONG US DOLLAR']"
The Graphic Truth: Sending money home,image_51.jpg,https://www.gzeromedia.com/economic-empowerment/the-graphic-truth-sending-money-home,"['GLOBAL REMITTANCES', 'REMITTANCE FLOWS', 'COVID-19', 'REMITTANCES']"
The Graphic Truth: Natural gas prices make EU power costs soar,image_52.jpg,https://www.gzeromedia.com/the-graphic-truth-natural-gas-prices-make-eu-power-costs-soar,"['EU ENERGY CRISIS', 'EUROPEAN UNION', 'NATURAL GAS', 'ELECTRICITY AND POWER', 'GRAPHIC TRUTH']"
The Graphic Truth — WAR! Who is it good for?,image_53.jpg,https://www.gzeromedia.com/the-graphic-truth-war-who-is-it-good-for,"['DEFENCE AND MILITARY', 'ARMS AND WEAPONS', 'GRAPHIC TRUTH', 'BOEING', 'UKRAINE', 'UKRAINE WAR', 'UKRAINE WEAPONS SALES']"
The Graphic Truth: Opium keeps the Taliban going,image_54.jpg,https://www.gzeromedia.com/the-graphic-truth-opium-keeps-the-taliban-going,"['TALIBAN', 'TALIBAN TAKEOVER', 'AFGHANISTAN', 'DRUG TRADE', 'OPIUM', 'GRAPHIC TRUTH', 'TALIBAN OPIUM']"
The Graphic Truth: Upcoming 2022 elections,image_55.jpg,https://www.gzeromedia.com/the-graphic-truth-upcoming-2022-elections,"['GRAPHIC TRUTH', 'ELECTIONS 2022', 'APPLE NEWS', '2022 ELECTIONS']"
The Graphic Truth: Tourists trickle back into the US,image_56.jpg,https://www.gzeromedia.com/the-graphic-truth-tourists-tricked-back-into-the-us,"['UNITED STATES', 'TOURISM', 'COVID-19', 'GRAPHIC TRUTH', 'US TOURISM']"
The Graphic Truth: Gasping at the pump – global gas prices soar,image_57.jpg,https://www.gzeromedia.com/living-beyond-borders-articles/the-graphic-truth-gasping-at-the-pump-global-gas-prices-soar,"['graphic truth', 'gas prices', 'inflation', 'petrol prices', 'gas subsidies', 'global gas prices']"
The Graphic Truth: Worlds apart on LGBTQ rights,image_58.jpg,https://www.gzeromedia.com/the-graphic-truth-worlds-apart-on-lgbtq-rights,"['LGBTQ RIGHTS', 'GAY RIGHTS', 'PRIDE MONTH']"
The Graphic Truth: US flushes LatAm with cash,image_59.jpg,https://www.gzeromedia.com/the-graphic-truth-us-flushes-latam-with-cash,"['GRAPHIC TRUTH', 'IMMIGRATION', 'NORTHERN TRIANGLE COUNTRIES', 'US-LATIN AMERICA RELATIONS', 'GLOBAL ECONOMY']"
The Graphic Truth: Boris hangs on by a thread,image_60.jpg,https://www.gzeromedia.com/the-graphic-truth-boris-on-the-ropes,"['UNITED KINGDOM', 'UK POLITICS', 'BORIS JOHNSON', 'GRAPHIC TRUTH', 'BRITISH POLITICS']"
The Graphic Truth: Americans googling the economy,image_61.jpg,https://www.gzeromedia.com/the-graphic-truth-americans-googling-the-economy,"['GRAPHIC TRUTH', 'INFLATION', 'RECESSION', 'US ECONOMY']"
The Graphic Truth: Who bought the most Russian oil?,image_62.jpg,https://www.gzeromedia.com/the-graphic-truth-who-bought-the-most-russian-oil,"['RUSSIAN OIL EXPORTS', 'UKRAINE-RUSSIA', 'OIL PRICES/CRUDE OIL', 'OIL PRICES', 'RUSSIAN GAS']"
The Graphic Truth: How edible oil prices are cooking,image_63.jpg,https://www.gzeromedia.com/the-graphic-truth-how-edible-oil-prices-are-cooking,"['GRAPHIC TRUTH', 'FOOD PRICES', 'COOKING OIL', 'SUNFLOWER', 'PALM OIL', 'OIL']"
The Graphic Truth: Carb prices on the rise,image_64.jpg,https://www.gzeromedia.com/the-graphic-truth-carb-prices-on-the-rise,"['HUNGER PAINS', 'FOOD PRICES', 'FOOD SECURITY']"
The Graphic Truth: Has clean water access improved?,image_65.jpg,https://www.gzeromedia.com/living-beyond-borders-articles/the-graphic-truth-has-clean-water-access-improved,"['water conservation', 'water scarcity', 'water access', 'graphic truth', 'water pollution']"
The Graphic Truth: Abortion laws around the world,image_66.jpg,https://www.gzeromedia.com/the-graphic-truth-abortion-laws-around-the-world,"['GRAPHIC TRUTH', 'ABORTION RIGHTS', 'SCOTUS', 'ROE V WADE', 'GLOBAL ABORTION LAWS']"
The Graphic Truth: Twitter doesn't rule the social world,image_67.jpg,https://www.gzeromedia.com/the-graphic-truth-twitter-doesn-t-rule-the-social-world,"['TWITTER', 'SOCIAL MEDIA', 'SOCIAL MEDIA COMPANIES', 'GRAPHIC TRUTH', 'ELON MUSK']"
The Graphic Truth: Americans sour on economy,image_68.jpg,https://www.gzeromedia.com/living-beyond-borders-articles/the-graphic-truth-americans-sour-on-economy,"['inflation', 'graphic truth', 'us economy', 'russia-ukraine war', 'interest rates']"
The Graphic Truth: What do Europeans think of their economy?,image_69.jpg,https://www.gzeromedia.com/living-beyond-borders-articles/the-graphic-truth-what-do-europeans-think-of-their-economy,"['graphic truth', 'inflation', 'eu economy', 'consumer confidence index', 'global economy']"
The Graphic Truth: Kicking the Russian gas habit,image_70.jpg,https://www.gzeromedia.com/the-graphic-truth-kicking-the-russian-gas-habit,"['GRAPHIC TRUTH', 'UKRAINE', 'UKRAINE CRISIS', 'NATURAL GAS', 'RUSSIAN GAS']"
The Graphic Truth: Women are still underrepresented,image_71.jpg,https://www.gzeromedia.com/graphic-truth-women-are-still-underrepresented,"['Women','election','legislative','representation','map']"
The Graphic Truth: North Korea's missile menu,image_72.jpg,https://www.gzeromedia.com/the-graphic-truth-north-korea-s-missile-menu,"['NORTH KOREA', 'NORTH KOREA MISSILE TESTS', 'GRAPHIC TRUTH']"
The Graphic Truth: What does Roman Abramovich own?,image_73.jpg,https://www.gzeromedia.com/the-graphic-truth-what-does-roman-abramovich-own,"['RUSSIA', 'OLIGARCHS', 'ROMAN ABRAMOVICH', 'CHELSEA', 'RUSSIA SANCTIONS', 'GRAPHIC TRUTH', 'UKRAINE WAR']"
The Graphic Truth: Where Ukrainian refugees are going,image_74.jpg,https://www.gzeromedia.com/the-graphic-truth-where-ukrainian-refugees-are-going,"['UKRAINE', 'UKRAINE WAR', 'REFUGEES AND ASYLUM SEEKERS', 'POLAND', 'EUROPE', 'UKRAINE REFUGEE CRISIS']"
The Graphic Truth: Major corporate withdrawals from Russia,image_75.jpg,https://www.gzeromedia.com/the-graphic-truth-major-corporate-withdrawals-from-russia,"['GRAPHIC TRUTH', 'RUSSIA', 'UKRAINE WAR', 'MULTINATIONAL CORPORATIONS']"
The Graphic Truth: Who's nuclear in the EU?,image_76.jpg,https://www.gzeromedia.com/the-graphic-truth-who-s-nuclear-in-the-eu,"['GRAPHIC TRUTH', 'NUCLEAR ENERGY', 'FUKUSHIMA', 'UKRAINE WAR', 'UKRAINE', 'EUROPEAN UNION']"
The Graphic Truth: Hotspots for digital nomads,image_77.jpg,https://www.gzeromedia.com/living-beyond-borders-articles/the-graphic-truth-hotspots-for-digital-nomads,"['graphic truth', 'work from home', 'digital nomads']"
The Graphic Truth: Nuclear weapons — who has what?,image_78.jpg,https://www.gzeromedia.com/the-graphic-truth-nuclear-weapons-who-has-what,"['GRAPHIC TRUTH', 'NUCLEAR WEAPONS', 'RUSSIA', 'BELARUS', 'NUCLEAR WAR']"
The Graphic Truth: Ukraine war hits ruble hard,image_79.jpg,https://www.gzeromedia.com/the-graphic-truth-ukraine-war-hits-ruble-hard,"['UKRAINE WAR', 'RUSSIA', 'RUBLE', 'GRAPHIC TRUTH', 'RUSSIAN ECONOMY']"
The Graphic Truth: European reliance on Russian gas,image_80.jpg,https://www.gzeromedia.com/the-graphic-truth-european-reliance-on-russian-gas,"['GRAPHIC TRUTH', 'EUROPEAN UNION', 'RUSSIAN NATURAL GAS EXPORTS', 'RUSSIA', 'NORD STREAM', 'UKRAINE GAS TRANSIT', 'UKRAINE']"
The Graphic Truth: Black immigrants in the US,image_81.jpg,https://www.gzeromedia.com/the-graphic-truth-black-immigrants-in-the-us,"['GRAPHIC TRUTH', 'BLACK HISTORY', 'BLACK HISTORY MONTH', 'IMMIGRATION']"
The Graphic Truth: China-Russia trade ties,image_82.jpg,https://www.gzeromedia.com/the-graphic-truth-china-russia-trade-ties,"['XI JINPING', 'CHINA-RUSSIA RELATIONS', 'CHINA-RUSSIA TRADE', 'GRAPHIC TRUTH', 'VLADIMIR PUTIN', 'CHINA RUSSIA']"
The Graphic Truth: US and China not making enough babies,image_83.jpg,https://www.gzeromedia.com/living-beyond-borders-articles/the-graphic-truth-china-us-not-making-enough-babies,"['graphic truth', 'china population decline', 'global population']"
The Graphic Truth: Two narrowing pandemics – EU vs US,image_84.jpg,https://www.gzeromedia.com/the-graphic-truth-two-narrowing-pandemics-eu-vs-us,"['GRAPHIC TRUTH', 'OMICRON', 'COVID-19', 'COVID DEATHS', 'PANDEMIC']"
The Graphic Truth: Is the US-China trade war over?,image_85.jpg,https://www.gzeromedia.com/the-graphic-truth-is-the-us-china-trade-war-over,"['GRAPHIC TRUTH', 'US-CHINA TRADE WAR', 'U.S. CHINA RELATIONS']"
The Graphic Truth: Omicron dominates America,image_86.jpg,https://www.gzeromedia.com/the-graphic-truth-omicron-dominates-america,"['GRAPHIC TRUTH', 'COVID-19', 'COVID-19 VARIANTS', 'OMICRON', 'PANDEMIC']"
The Graphic Truth: Now arriving in NYC,image_87.jpg,https://www.gzeromedia.com/the-graphic-truth-now-arriving-in-nyc,"['GRAPHIC TRUTH', 'NEW YORK CITY', 'COVID TRAVEL RESTRICTIONS']"
The Graphic Truth: COVID deaths falling in leading countries,image_88.jpg,https://www.gzeromedia.com/the-graphic-truth-covid-deaths-falling-in-leading-countries,"['GRAPHIC TRUTH', 'COVID-19', 'COVID-19 DEATH TOLL', 'PANDEMIC RESPONSE']"
The Graphic Truth: US presidents' midterm pain,image_89.jpg,https://www.gzeromedia.com/the-graphic-truth-us-presidents-midterm-pain,"['US POLITICS', 'US MIDTERM ELECTIONS', 'JOE BIDEN', 'GRAPHIC TRUTH']"
The Graphic Truth: Will US kids get their toys on time?,image_90.jpg,https://www.gzeromedia.com/the-graphic-truth-will-us-kids-get-their-toys-on-time,"['GRAPHIC TRUTH', 'SUPPLY CHAIN SHORTAGES']"
The Graphic Truth: China's growing share of the world economy,image_91.jpg,https://www.gzeromedia.com/the-graphic-truth-china-s-growing-share-of-the-world-economy,"['GRAPHIC TRUTH', 'CHINA', 'CHINA ECONOMY', 'XI JINPING']"
The Graphic Truth: 50 years of US inflation vs interest rates,image_92.jpg,https://www.gzeromedia.com/the-graphic-truth-50-years-of-us-inflation-vs-interest-rates,"['INFLATION', 'INTEREST RATES', 'FEDERAL RESERVE', 'GRAPHIC TRUTH']"
The Graphic Truth: Is Biden's honeymoon period over?,image_93.jpg,https://www.gzeromedia.com/the-graphic-truth-is-biden-s-honeymoon-period-over,"['Polling','Joe Biden,'approval','line chart']"
The Graphic Truth: Who hosts the most Afghan refugees?,image_94.jpg,https://www.gzeromedia.com/the-graphic-truth-who-hosts-the-most-afghan-refugees,"['GRAPHIC TRUTH', 'AFGHANISTAN WITHDRAWAL', 'AFGHAN REFUGEES', 'AFGHAN REFUGEE CRISIS', 'TALIBAN TAKEOVER']"
The Graphic Truth: Who controls Afghanistan?,image_95.jpg,https://www.gzeromedia.com/the-graphic-truth-who-controls-afghanistan,"['TALIBAN', 'AFGHANISTAN', 'AFGHANISTAN WITHDRAWAL', 'AFGHAN GOVERNMENT', 'GRAPHIC TRUTH']"
The Graphic Truth: Life is actually getting better,image_96.jpg,https://www.gzeromedia.com/the-graphic-truth-life-is-actually-getting-better,"['GRAPHIC TRUTH', 'GLOBAL LIFE EXPECTANCY']"
The Graphic Truth: Vax skepticism vs COVID deaths,image_97.jpg,https://www.gzeromedia.com/the-graphic-truth-vax-skepticism-vs-covid-deaths,"['COVID-19 VACCINE', 'VACCINE HESITANCY', 'GRAPHIC TRUTH']"
The Graphic Truth: Where are climate-linked scorchers deadliest?,image_98.jpg,https://www.gzeromedia.com/the-graphic-truth-where-are-climate-linked-scorchers-deadliest,"['HEAT WAVE', 'CLIMATE CHANGE', 'CARBON EMISSIONS', 'GRAPHIC TRUTH']"
The Graphic Truth: Did the war on drugs work?,image_99.jpg,https://www.gzeromedia.com/the-graphic-truth-did-the-war-on-drugs-work,"['US', 'WAR ON DRUGS', line chart','area chart','us','united states']"
The Graphic Truth: Who's spending what NATO wants?,image_100.jpg,https://www.gzeromedia.com/the-graphic-truth-whos-spending-what-nato-wants,"['GRAPHIC TRUTH', 'NATO', 'NATO SPENDING']"
The Graphic Truth: China makes a move in Central America,image_101.jpg,https://www.gzeromedia.com/the-graphic-truth-china-makes-a-move-in-central-america,"['GRAPHIC TRUTH', 'CHINESE FOREIGN INVESTMENT', 'CHINA-CENTRAL AMERICA RELATIONS', 'NORTHERN TRIANGLE COUNTRIES']"
The Graphic Truth: China's social media spin blitz,image_102.jpg,https://www.gzeromedia.com/the-graphic-truth-chinas-social-media-spin-blitz,"['CHINA', 'CHINA FOREIGN POLICY', 'SOCIAL MEDIA', 'FACEBOOK', 'TWITTER']"
"The Graphic Truth: COVID's ""real"" death toll",image_103.jpg,https://www.gzeromedia.com/news/the-graphic-truth-covids-real-death-toll,"['GRAPHIC TRUTH', 'COVID-19', 'CORONAVIRUS', 'CORONAVIRUS MORTALITY RATES']"
The Graphic Truth: How many refugees does the US let in?,image_104.jpg,https://www.gzeromedia.com/the-graphic-truth-how-many-refugees-does-the-us-let-in,"['REFUGEES AND ASYLUM SEEKERS', 'GRAPHIC TRUTH', 'IMMIGRATION REFORM', 'REFUGEE CAP', 'REFUGEES', 'US IMMIGRATION POLICY']"
The Graphic Truth: Is Modi immune to the COVID crisis?,image_105.jpg,https://www.gzeromedia.com/the-graphic-truth-is-modi-immune-to-the-covid-crisis,"['line chart','Modi','India'.'Covid','death','approval rating']"
The Graphic Truth: Crypto-mining sucks up lots of power,image_106.jpg,https://www.gzeromedia.com/the-graphic-truth-crypto-mining-sucks-up-lots-of-power,"['BITCOIN', 'CRYPTO CURRENCIES', 'GLOBAL WARMING', 'GRAPHIC TRUTH']"
The Graphic Truth: Has climate change hurt or helped farmers?,image_107.jpg,https://www.gzeromedia.com/the-graphic-truth-has-climate-change-hurt-or-helped-farmers,"['CLIMATE CHANGE', 'AGRICULTURE', 'FOOD', 'GRAPHIC TRUTH']"
The Graphic Truth: Two different pandemics - EU vs US,image_108.jpg,https://www.gzeromedia.com/the-graphic-truth-two-different-pandemics-eu-vs-us,"['line chart','covid','death','US','United States','EU','European Union']"
The Graphic Truth: Can we work only 4 days a week?,image_109.jpg,https://www.gzeromedia.com/the-graphic-truth-can-we-work-only-4-days-a-week,"['GRAPHIC TRUTH', 'WORK', 'EMPLOYMENT', 'SPAIN', 'OECD']"
"The Graphic Truth: COVID hurts democracy, no matter response",image_110.jpg,https://www.gzeromedia.com/the-graphic-truth-covid-hurts-democracy-no-matter-response,"['GRAPHIC TRUTH', 'DEMOCRACY', 'PANDEMIC', 'PANDEMIC RESPONSE', 'COVID-19', 'CORONAVIRUS']"
The Graphic Truth: Who fits in China?,image_111.jpg,https://www.gzeromedia.com/the-graphic-truth-who-fits-in-china,"['GRAPHIC TRUTH', 'CHINA', 'POPULATION/DEMOGRAPHICS']"
The Graphic Truth: The unequal road to herd immunity,image_112.jpg,https://www.gzeromedia.com/the-graphic-truth-the-unequal-road-to-herd-immunity,"['GRAPHIC TRUTH', 'VACCINES', 'HERD IMMUNITY', 'CORONAVIRUS', 'COVID-19', 'COVID-19 VACCINE']"
ANARCHY! How the world covered the insurrection in DC,image_113.jpg,https://www.gzeromedia.com/anarchy-how-the-world-covered-the-insurrection-in-dc,"['INSURRECTION', 'TERRORISM', 'US CAPITOL']"
The Graphic Truth: Two different pandemics - EU vs US,image_114.jpg,https://www.gzeromedia.com/the-graphic-truth-two-different-pandemics-eu-vs-us-12072020,"['GRAPHIC TRUTH', 'CORONAVIRUS', 'COVID-19']"
The Graphic Truth: Who's buying up the COVID vaccines?,image_115.jpg,https://www.gzeromedia.com/the-graphic-truth-whos-buying-up-the-covid-vaccines,"['Covid','bar char','vaccine']"
The Graphic Truth: Two different pandemics - EU vs US,image_116.jpg,https://www.gzeromedia.com/the-graphic-truth-two-different-pandemics-eu-vs-us-11-19-2020-us-europe-spike,"['GRAPHIC TRUTH', 'COVID-19', 'CORONAVIRUS', 'EUROPE', 'UNITED STATES']"
The Graphic Truth: Asia's mega trade deals — RCEP vs TPP,image_117.jpg,https://www.gzeromedia.com/the-graphic-truth-asias-mega-trade-deals-rcep-vs-tpp,"['REGIONAL COMPREHENSIVE ECONOMIC PARTNERSHIP', 'GRAPHIC TRUTH', 'RCEP', 'REGIONAL TRADE', 'TPP', 'TRANS-PACIFIC PARTNERSHIP']"
The Graphic Truth: US election disputes — 2000 vs 2020,image_118.jpg,https://www.gzeromedia.com/the-graphic-truth-us-election-disputes-2000-vs-2020,"['2020 ELECTION', 'DONALD TRUMP', 'JOE BIDEN', 'GRAPHIC TRUTH', 'US ELECTION']"
The Graphic Truth: The COVID vaccine race,image_119.jpg,https://www.gzeromedia.com/the-graphic-truth-the-covid-vaccine-race-2648813281,"['covid','vaccine','table']"
The Graphic Truth: Two different pandemics - EU vs US,image_120.jpg,https://www.gzeromedia.com/the-graphic-truth-two-different-pandemics-eu-vs-us-11-02-2020,"['GRAPHIC TRUTH', 'COVID-19', 'CORONAVIRUS', 'EUROPE', 'UNITED STATES']"
The Graphic Truth: Americans' growing mistrust of elections,image_121.jpg,https://www.gzeromedia.com/the-graphic-truth-americans-growing-mistrust-of-elections,"['US ELECTION', 'GRAPHIC TRUTH', 'ELECTION 2020']"
The Graphic Truth: Early turnout in US battleground states,image_122.jpg,https://www.gzeromedia.com/the-graphic-truth-early-turnout-in-us-battleground-states,"['2020 ELECTION', 'BIDEN 2020', 'ELECTION 2020', 'US ELECTION']"
The Graphic Truth: Two different pandemics - EU vs US,image_123.jpg,https://www.gzeromedia.com/the-graphic-truth-two-different-pandemics-eu-vs-us-10-27-2020,"['COVID-19', 'CORONAVIRUS', 'GRAPHIC TRUTH', 'EUROPE', 'UNITED STATES']"
The Graphic Truth: Urbanization around the world,image_124.jpg,https://www.gzeromedia.com/the-graphic-truth-urbanization-around-the-world,"['URBANIZATION', 'CITIES', 'RURAL AREAS']"
The Graphic Truth: Trump's polling gap 2016 vs 2020,image_125.jpg,https://www.gzeromedia.com/the-graphic-truth-trumps-polling-gap-2016-vs-2020,"['2020 ELECTION', 'DONALD TRUMP', 'GRAPHIC TRUTH', 'JOE BIDEN', 'US ELECTION']"
The Graphic Truth: Two different pandemics - EU vs US,image_126.jpg,https://www.gzeromedia.com/the-graphic-truth-two-different-pandemics-eu-vs-us-10-15-2020,"['GRAPHIC TRUTH', 'CORONAVIRUS', 'COVID-19', 'EUROPE', 'UNITED STATES']"
The Graphic Truth: Two different pandemics - EU vs US,image_127.jpg,https://www.gzeromedia.com/the-graphic-truth-two-different-pandemics-eu-vs-us-10-02-2020,"['GRAPHIC TRUTH', 'CORONAVIRUS', 'COVID-19', 'EUROPE', 'UNITED STATES']"
The Graphic Truth: Where are new COVID cases rising?,image_128.jpg,https://www.gzeromedia.com/the-graphic-truth-where-are-new-covid-cases-rising,"['covid','line chart','israel']"
The Graphic Truth: New digital jobs in a post-pandemic world,image_129.jpg,https://www.gzeromedia.com/the-graphic-truth-new-digital-jobs-in-a-post-pandemic-world,"['DIGITAL INCLUSION', 'UNGA', 'DIGITAL JOBS']"
The Graphic Truth: Who's been hit hardest by COVID job losses?,image_130.jpg,https://www.gzeromedia.com/the-graphic-truth-whos-been-hit-hardest-by-covid-job-losses,"['COVID', 'JOBS', 'ECONOMY', 'PANDEMIC', 'COVID JOB LOSS']"
The Graphic Truth: EU populist parties weather COVID storm,image_131.jpg,https://www.gzeromedia.com/the-graphic-truth-eu-populist-parties-weather-covid-storm,"['COVID-19', 'CORONAVIRUS', 'EUROPEAN UNION', 'GRAPHIC TRUTH', 'POPULISM']"
The Graphic Truth: Racial diversity in US professional sports,image_132.jpg,https://www.gzeromedia.com/the-graphic-truth-racial-diversity-in-us-professional-sports,"['US SPORTS', 'RACE ISSUES', 'US ELECTION', 'ELECTION 2020']"
The Graphic Truth: Global leaders winning vs losing on COVID,image_133.jpg,https://www.gzeromedia.com/the-graphic-truth-global-leaders-winning-vs-losing-on-covid,"['COVID-19', 'CORONAVIRUS']"
The Graphic Truth: The COVID vaccine race,image_134.jpg,https://www.gzeromedia.com/the-graphic-truth-the-covid-vaccine-race,"['covid','vaccine','table']"
The Graphic Truth: US views on Big Tech — what's changed?,image_135.jpg,https://www.gzeromedia.com/the-graphic-truth-us-views-on-big-tech-whats-changed,"['US','United States','Big Tech','Republicans','Democrats','regulation']"
The Graphic Truth: Are new US COVID deaths surging vs EU?,image_136.jpg,https://www.gzeromedia.com/the-graphic-truth-are-new-us-covid-deaths-surging-vs-eu,"['COVID-19', 'CORONAVIRUS', 'USA', 'EUROPEAN UNION']"
The Graphic Truth: COVID deaths — US states vs countries,image_137.jpg,https://www.gzeromedia.com/the-graphic-truth-covid-deaths-us-states-vs-countries,"['CORONAVIRUS', 'COVID-19', 'ARIZONA', 'CALIFORNIA', 'FLORIDA', 'GRAPHIC TRUTH', 'TEXAS', 'USA']"
The Graphic Truth: EU flattens COVID death curve faster than US,image_138.jpg,https://www.gzeromedia.com/the-graphic-truth-eu-flattens-covid-death-curve-faster-than-us,"['CORONAVIRUS', 'COVID-19', 'USA', 'EUROPEAN UNION']"
The Graphic Truth: Who sends the most students to the US?,image_139.jpg,https://www.gzeromedia.com/the-graphic-truth-who-sends-the-most-students-to-the-us,"['map','students','visas','united states','us']"
The Graphic Truth: The US pandemic is totally different (and much worse) than the EU's,image_140.jpg,https://www.gzeromedia.com/the-graphic-truth-the-us-pandemic-is-totally-different-and-much-worse-than-the-eus,"['CORONAVIRUS', 'CASELOAD', 'CHART', 'EUROPE', 'UNITED STATES', 'PANDEMIC', 'GRAPHIC TRUTH']"
The Graphic Truth: COVID's burden on US hospitals,image_141.jpg,https://www.gzeromedia.com/the-graphic-truth-covids-burden-on-us-hospitals,"['Covid','map','line chart','hospital','beds']"
The Graphic Truth: COVID-19's toll on public health vs economy,image_142.jpg,https://www.gzeromedia.com/the-graphic-truth-covid-19s-toll-on-public-health-vs-economy,"['COVID-19', 'CORONAVIRUS', 'PUBLIC HEALTH', 'ECONOMIC CRISIS']"
The Graphic Truth: Two different pandemics – EU vs US,image_143.jpg,https://www.gzeromedia.com/the-graphic-truth-two-different-pandemics-eu-vs-us-coronavirus-cases-spike-28-june,"['CORONAVIRUS', 'PANDEMIC', 'US VS EU', 'COVID-19', 'TREND', 'CHART', 'GRAPHIC TRUTH']"
The Graphic Truth: How COVID will affect major economies?,image_144.jpg,https://www.gzeromedia.com/the-graphic-truth-how-covid-will-affect-major-economies,"['covid','economy','line chart','dollar','forecast','US','China','Euro']"
The Graphic Truth: Hosting refugees — hospitality vs vulnerability,image_145.jpg,https://www.gzeromedia.com/the-graphic-truth-hosting-refugees-hospitality-vs-vulnerability,"['REFUGEES AND ASYLUM SEEKERS', 'GALLUP', 'UNHCR']"
The Graphic Truth: The Basics —which countries are neediest?,image_146.jpg,https://www.gzeromedia.com/the-graphic-truth-the-basics-which-countries-are-neediest,"['index','neediest','heatmap','table','basic needs']"
The Graphic Truth: Competing and cooperating on a COVID-19 vaccine,image_147.jpg,https://www.gzeromedia.com/the-graphic-truth-competing-and-cooperating-on-a-covid-19-vaccine,"['CORONAVIRUS', 'CASELOAD', 'CHART', 'EUROPE', 'UNITED STATES', 'PANDEMIC', 'GRAPHIC TRUTH']"
The Graphic Truth: Which countries imprison the most people?,image_148.jpg,https://www.gzeromedia.com/the-graphic-truth-which-countries-imprison-the-most-people,"['prison','us','russia','ukraine','incarceration']"
The Graphic Truth: The United States of Pandemic,image_149.jpg,https://www.gzeromedia.com/the-graphic-truth-the-united-states-of-pandemic,"['COVID-19', 'CORONAVIRUS', 'PUBLIC HEALTH', 'ECONOMIC CRISIS']"
The Graphic Truth: Top economies falter in first quarter,image_150.jpg,https://www.gzeromedia.com/the-graphic-truth-top-economies-falter-in-first-quarter,"['CORONAVIRUS', 'PANDEMIC', 'US VS EU', 'COVID-19', 'TREND', 'CHART', 'GRAPHIC TRUTH']"
The Graphic Truth: Who funds WHOm,image_151.jpg,https://www.gzeromedia.com/the-graphic-truth-who-funds-whom,"['treemap','World Health Organization','Trump','covid']"
The Graphic Truth: Emerging market external debt woes,image_152.jpg,https://www.gzeromedia.com/the-graphic-truth-emerging-market-external-debt-woes,"['REFUGEES AND ASYLUM SEEKERS', 'GALLUP', 'UNHCR']"
The Graphic Truth: Jobless rate hits historic high,image_153.jpg,https://www.gzeromedia.com/the-graphic-truth-jobless-rate-hits-historic-high,"['graphic', 'truth:', 'jobless', 'rate', 'hits', 'historic', 'high']"
The Graphic Truth: COVID in big US and EU cities,image_154.jpg,https://www.gzeromedia.com/the-graphic-truth-covid-in-big-cities-us-vs-eu,"['graphic', 'truth:', 'covid', 'cities']"
The Graphic Truth: Who's done the most COVID-19 testing?,image_155.jpg,https://www.gzeromedia.com/the-graphic-truth-whos-done-the-most-covid-19-testing,"['graphic', 'truth:', ""who's"", 'done', 'most', 'covid-19', 'testing']"
The Graphic Truth: Press freedom in the era of coronavirus,image_156.jpg,https://www.gzeromedia.com/the-graphic-truth-press-freedom-in-the-era-of-coronavirus,"['graphic', 'truth:', 'press', 'freedom', 'coronavirus']"
The Graphic Truth: China's trade with Africa's largest economies,image_157.jpg,https://www.gzeromedia.com/the-graphic-truth-chinas-trade-with-africas-largest-economies,"['graphic', 'truth:', ""china's"", 'trade', 'with', ""africa's"", 'largest', 'economies']"
"The Graphic Truth: COVID-19 aid from the US, EU, Russia, and China",image_158.jpg,https://www.gzeromedia.com/the-graphic-truth-covid-19-aid-from-the-us-eu-russia-and-china,"['graphic', 'truth:', 'covid-19', 'from', 'russia', 'china']"
The Graphic Truth: US jobless claims hit high – again,image_159.jpg,https://www.gzeromedia.com/the-graphic-truth-us-jobless-claims-hit-another-record-high,"['graphic', 'truth:', 'jobless', 'claims', 'high', 'again']"
The Graphic Truth: What if COVID-19 hits refugee camps?,image_160.jpg,https://www.gzeromedia.com/the-graphic-truth-what-if-covid-19-hits-refugee-camps,"['graphic', 'truth:', 'what', 'covid-19', 'hits', 'refugee', 'camps']"
The Graphic Truth: EU vs US coronavirus toll,image_161.jpg,https://www.gzeromedia.com/the-graphic-truth-eu-vs-us-coronavirus-toll,"['graphic', 'truth:', 'coronavirus', 'toll']"
The Graphic Truth: US jobless claims hit record high,image_162.jpg,https://www.gzeromedia.com/the-graphic-truth-us-jobless-claims-hit-record-high,"['graphic', 'truth:', 'jobless', 'claims', 'record', 'high']"
The Graphic Truth: Coronavirus' global economic toll,image_163.jpg,https://www.gzeromedia.com/the-graphic-truth-coronavirus-global-economic-toll,"['graphic', 'truth:', ""coronavirus'"", 'global', 'economic', 'toll']"
The Graphic Truth: Who has troops in Afghanistan?,image_164.jpg,https://www.gzeromedia.com/the-graphic-truth-who-has-troops-in-afghanistan,"['graphic', 'truth:', 'troops', 'afghanistan']"
The Graphic Truth: Banned in the USA,image_165.jpg,https://www.gzeromedia.com/the-graphic-truth-banned-in-the-usa,"['graphic', 'truth:', 'banned']"
The Graphic Truth: Where has the Wuhan coronavirus spread?,image_166.jpg,https://www.gzeromedia.com/the-graphic-truth-where-has-the-wuhan-coronavirus-spread,"['graphic', 'truth:', 'where', 'wuhan', 'coronavirus', 'spread']"
The Graphic Truth: Most Americans don't know Holocaust death toll,image_167.jpg,https://www.gzeromedia.com/the-graphic-truth-most-americans-wrong-about-nazi-death-toll,"['graphic', 'truth:', 'most', 'americans', ""don't"", 'know', 'holocaust', 'death', 'toll']"
The Graphic Truth: Putin in Power,image_168.jpg,https://www.gzeromedia.com/the-graphic-truth-putin-in-power,"['graphic', 'truth:', 'putin', 'power']"
The Graphic Truth: US-China phase one trade deal,image_169.jpg,https://www.gzeromedia.com/the-graphic-truth-us-china-phase-one-trade-deal,"['graphic', 'truth:', 'us-china', 'phase', 'trade', 'deal']"
The Graphic Truth: India's sliding economic growth,image_170.jpg,https://www.gzeromedia.com/the-graphic-truth-indias-sliding-economic-growth,"['graphic', 'truth:', ""india's"", 'sliding', 'economic', 'growth']"
The Graphic Truth: Think the US election will be fair?,image_171.jpg,https://www.gzeromedia.com/the-graphic-truth-think-the-us-election-will-be-fair,"['graphic', 'truth:', 'think', 'election', 'will', 'fair']"
The Graphic Truth: Migrants' top destinations and origins,image_172.jpg,https://www.gzeromedia.com/the-graphic-truth-migrants-top-destinations-and-origins-today,"['graphic', 'truth:', ""migrants'"", 'destinations', 'origins']"
Graphic Truth: Which countries pollute the most?,image_173.jpg,https://www.gzeromedia.com/graphic-truth-which-countries-pollute-the-most,"['graphic', 'truth:', 'which', 'countries', 'pollute', 'most']"
Graphic Truth: Hong Kong plunges into recession,image_174.jpg,https://www.gzeromedia.com/graphic-truth-hong-kong-plunges-into-recession,"['graphic', 'truth:', 'hong', 'kong', 'plunges', 'into', 'recession']"
Graphic Truth: How powerful is your passport?,image_175.jpg,https://www.gzeromedia.com/graphic-truth-how-powerful-is-your-passport,"['graphic', 'truth:', 'powerful', 'your', 'passport']"
Graphic Truth: Mixed views on post-communist economies,image_176.jpg,https://www.gzeromedia.com/graphic-truth-mixed-views-on-post-communist-economies,"['graphic', 'truth:', 'mixed', 'views', 'post-communist', 'economies']"
Graphic Truth: Eastern Europe's shrinking population,image_177.jpg,https://www.gzeromedia.com/graphic-truth-eastern-europes-shrinking-population,"['graphic', 'truth:', 'eastern', ""europe's"", 'shrinking', 'population']"
"Graphic Truth: One Germany, two realities",image_178.jpg,https://www.gzeromedia.com/graphic-truth-one-germany-two-realities,"['graphic', 'truth:', 'germany', 'realities']"
Graphic Truth: The world is crazy for TikTok,image_179.jpg,https://www.gzeromedia.com/graphic-truth-the-world-is-crazy-for-tiktok,"['graphic', 'truth:', 'world', 'crazy', 'tiktok']"
Graphic Truth: Americans' views on trade,image_180.jpg,https://www.gzeromedia.com/graphic-truth-what-do-americans-think-of-foreign-trade,"['graphic', 'truth:', ""americans'"", 'views', 'trade']"
Graphic Truth: Global inequality,image_181.jpg,https://www.gzeromedia.com/graphic-truth-global-inequality,"['graphic', 'truth:', 'global', 'inequality']"
Graphic Truth: Where's the World's Worst Inequality?,image_182.jpg,https://www.gzeromedia.com/graphic-truth-wheres-the-worlds-worst-inequality-2641148591,"['graphic', 'truth:', ""where's"", ""world's"", 'worst', 'inequality']"
Graphic Truth: Where's the World's Worst Inequality?,image_183.jpg,https://www.gzeromedia.com/graphic-truth-wheres-the-worlds-worst-inequality,"['graphic', 'truth:', ""where's"", ""world's"", 'worst', 'inequality']"
"Graphic Truth: The UK should vote, but when?",image_184.jpg,https://www.gzeromedia.com/graphic-truth-the-uk-should-vote-but-when,"['graphic', 'truth:', 'should', 'vote', 'when']"
Graphic Truth: BRICS,image_185.jpg,https://www.gzeromedia.com/graphic-truth-brics-2640921646,"['graphic', 'truth:', 'brics']"
Graphic Truth: BRICS,image_186.jpg,https://www.gzeromedia.com/graphic-truth-brics,"['graphic', 'truth:', 'brics']"
Graphic Truth: High Turnover in the White House,image_187.jpg,https://www.gzeromedia.com/graphic-truth-high-turnover-in-the-white-house,"['graphic', 'truth:', 'high', 'turnover', 'white', 'house']"
"Graphic Truth: Epidemics, the Global Health Challenge",image_188.jpg,https://www.gzeromedia.com/graphic-truth-epidemics-the-global-health-challenge,"['graphic', 'truth:', 'epidemics', 'global', 'health', 'challenge']"
Graphic Truth: Who Pumps the Most Oil?,image_189.jpg,https://www.gzeromedia.com/graphic-truth-who-pumps-the-most-oil,"['graphic', 'truth:', 'pumps', 'most', 'oil']"
Graphic Truth: Afghanistan Up For Grabs,image_190.jpg,https://www.gzeromedia.com/graphic-truth-afghanistan-up-for-grabs,"['graphic', 'truth:', 'afghanistan', 'grabs']"
Graphic Truth: Changes in Global Literacy Over Time,image_191.jpg,https://www.gzeromedia.com/graphic-truth-changes-in-global-literacy-over-time,"['graphic', 'truth:', 'changes', 'global', 'literacy', 'over', 'time']"
These Three Disputes Affect More Than Half of the World Economy,image_192.jpg,https://www.gzeromedia.com/these-three-disputes-affect-more-than-half-of-the-world-economy,"['these', 'three', 'disputes', 'affect', 'more', 'than', 'half', 'world', 'economy']"
Graphic Truth: The Disappearing Amazon,image_193.jpg,https://www.gzeromedia.com/graphic-truth-the-disappearing-amazon,"['graphic', 'truth:', 'disappearing', 'amazon']"
Graphic Truth: Muslim Minorities Around the World,image_194.jpg,https://www.gzeromedia.com/graphic-truth-muslim-minorities-around-the-world,"['graphic', 'truth:', 'muslim', 'minorities', 'around', 'world']"
Graphic Truth: Soya Want a Trade War,image_195.jpg,https://www.gzeromedia.com/graphic-truth-soya-want-a-trade-war,"['graphic', 'truth:', 'soya', 'want', 'trade']"
Graphic Truth: Staying Put(in),image_196.jpg,https://www.gzeromedia.com/graphic-truth-staying-put-in-2639503716,"['graphic', 'truth:', 'staying', 'put(in)']"
Graphic Truth: Who Has Urbanized the Fastest (Since '89)?,image_197.jpg,https://www.gzeromedia.com/graphic-truth-who-has-urbanized-the-fastest-since-89,"['graphic', 'truth:', 'urbanized', 'fastest', '(since', ""'89)""]"
Nations In Orbit,image_198.jpg,https://www.gzeromedia.com/nations-in-orbit,"['nations', 'orbit']"
Graphic Truth: Europe's Young and Restless,image_199.jpg,https://www.gzeromedia.com/graphic-truth-europes-young-and-restless,"['graphic', 'truth:', ""europe's"", 'young', 'restless']"
Graphic Truth: Putin's Highs and (Recent) Lows,image_200.jpg,https://www.gzeromedia.com/graphic-truth-putins-highs-and-recent-lows,"['graphic', 'truth:', ""putin's"", 'highs', '(recent)', 'lows']"
Graphic Truth: Trashing the Planet,image_201.jpg,https://www.gzeromedia.com/graphic-truth-trashing-the-planet,"['graphic', 'truth:', 'trashing', 'planet']"
Graphic Truth: Catching the Independence Wave,image_202.jpg,https://www.gzeromedia.com/graphic-truth-catching-the-independence-wave,"['graphic', 'truth:', 'catching', 'independence', 'wave']"
Graphic Truth: 31 Countries (Worth) of China,image_203.jpg,https://www.gzeromedia.com/graphic-truth-31-countries-worth-of-china,"['graphic', 'truth:', 'countries', '(worth)', 'china']"
Graphic Truth: LGBT Worlds Apart,image_204.jpg,https://www.gzeromedia.com/graphic-truth-lgbt-worlds-apart,"['graphic', 'truth:', 'lgbt', 'worlds', 'apart']"
Graphic Truth: The World’s Oil Chokepoint,image_205.jpg,https://www.gzeromedia.com/graphic-truth-the-worlds-oil-chokepoint,"['graphic', 'truth:', 'world’s', 'chokepoint']"
Graphic Truth: The 50 Countries (Worth) of America,image_206.jpg,https://www.gzeromedia.com/the-graphic-truth-the-50-countries-worth-of-america,"['graphic', 'truth:', 'countries', '(worth)', 'america']"
Graphic Truth: The Largest Refugee Flows,image_207.jpg,https://www.gzeromedia.com/graphic-truth-the-largest-refugee-flows,"['graphic', 'truth:', 'largest', 'refugee', 'flows']"
The Graphic Truth: Who’s Hacking Whom?,image_208.jpg,https://www.gzeromedia.com/the-graphic-truth-whos-hacking-whom,"['graphic', 'truth:', 'who’s', 'hacking', 'whom']"
Graphic Truth: The Biggest Winners Against Poverty,image_209.jpg,https://www.gzeromedia.com/graphic-truth-the-biggest-winners-against-poverty,"['graphic', 'truth:', 'biggest', 'winners', 'against', 'poverty']"
Graphic Truth: Huawei’s Supply Chain Bind,image_210.jpg,https://www.gzeromedia.com/graphic-truth-huaweis-supply-chain-bind,"['graphic', 'truth:', 'huawei’s', 'supply', 'chain', 'bind']"
Graphic Truth: Can EU Hear Me Now?,image_211.jpg,https://www.gzeromedia.com/graphic-truth-can-eu-hear-me-now,"['graphic', 'truth:', 'hear', 'now']"
Graphic Truth: Abortion Choices Around the World,image_212.jpg,https://www.gzeromedia.com/graphic-truth-abortion-choices-around-the-world,"['graphic', 'truth:', 'abortion', 'choices', 'around', 'world']"
Graphic Truth: Would America Elect a Socialist?,image_213.jpg,https://www.gzeromedia.com/graphic-truth-would-america-elect-a-socialist,"['graphic', 'truth:', 'would', 'america', 'elect', 'socialist']"
Graphic Truth: Who Depends on China the Most?,image_214.jpg,https://www.gzeromedia.com/graphic-truth-who-depends-on-china-the-most,"['graphic', 'truth:', 'depends', 'china', 'most']"
Graphic Truth: Dictators on the Run,image_215.jpg,https://www.gzeromedia.com/graphic-truth-dictators-on-the-run,"['graphic', 'truth:', 'dictators']"
Graphic Truth: How Many Countries Fit in India?,image_216.jpg,https://www.gzeromedia.com/graphic-truth-how-many-countries-fit-in-india,"['graphic', 'truth:', 'many', 'countries', 'india']"
Graphic Truth: NATO At 70,image_217.jpg,https://www.gzeromedia.com/graphic-truth-nato-at-70,"['graphic', 'truth:', 'nato']"
Graphic Truth: Who Depends on Mexico Most?,image_218.jpg,https://www.gzeromedia.com/graphic-truth-closing-the-border-on-your-foot,"['graphic', 'truth:', 'depends', 'mexico', 'most']"
Graphic Truth: Three Decades of Decay,image_219.jpg,https://www.gzeromedia.com/graphic-truth-three-decades-of-decay,"['graphic', 'truth:', 'three', 'decades', 'decay']"
"Graphic Truth: Europe Loses, The World Gains",image_220.jpg,https://www.gzeromedia.com/graphic-truth-europe-loses-the-world-gains,"['graphic', 'truth:', 'europe', 'loses', 'world', 'gains']"
"Graphic Truth: One Belt, One Road, Two Worlds?",image_221.jpg,https://www.gzeromedia.com/graphic-truth-one-belt-one-road-two-worlds,"['graphic', 'truth:', 'belt', 'road', 'worlds']"
Graphic Truth: Europeans Don’t Trust Europe,image_222.jpg,https://www.gzeromedia.com/graphic-truth-europeans-dont-trust-europe,"['graphic', 'truth:', 'europeans', 'don’t', 'trust', 'europe']"
Graphic Truth: Vietnam vs North Korea,image_223.jpg,https://www.gzeromedia.com/graphic-truth-trading-places-vietnam-vs-north-korea,"['graphic', 'truth:', 'vietnam', 'north', 'korea']"
GRAPHIC TRUTH: US MEDDLING IN THE AMERICAS,image_224.jpg,https://www.gzeromedia.com/graphic-truth-us-meddling-in-the-americas,"['graphic', 'truth:', 'meddling', 'americas']"
Graphic Truth: What Is China So Unhappy About?,image_225.jpg,https://www.gzeromedia.com/graphic-truth-what-is-china-so-unhappy-about,"['graphic', 'truth:', 'what', 'china', 'unhappy', 'about']"
The Graphic Truth: Nigeria's Extreme Poverty Time Bomb,image_226.jpg,https://www.gzeromedia.com/the-graphic-truth-nigerias-extreme-poverty-time-bomb,"['graphic', 'truth:', ""nigeria's"", 'extreme', 'poverty', 'time', 'bomb']"
Graphic Truth: Is China Winning at AI?,image_227.jpg,https://www.gzeromedia.com/graphic-truth-is-china-winning-at-ai,"['graphic', 'truth:', 'china', 'winning']"
Graphic Truth: Venezuela's Insane Inflation,image_228.jpg,https://www.gzeromedia.com/graphic-truth-venezuelas-insane-inflation,"['graphic', 'truth:', ""venezuela's"", 'insane', 'inflation']"
Graphic Truth: To Be Among The 1%,image_229.jpg,https://www.gzeromedia.com/graphic-truth-to-be-among-the-1,"['graphic', 'truth:', 'among']"
The Graphic Truth: Mapping The New Tech Cold War,image_230.jpg,https://www.gzeromedia.com/the-graphic-truth-mapping-the-new-tech-cold-war,"['graphic', 'truth:', 'mapping', 'tech', 'cold']"
Graphic Truth: What Do Venezuelans Want?,image_231.jpg,https://www.gzeromedia.com/graphic-truth-what-do-venezuelans-want,"['graphic', 'truth:', 'what', 'venezuelans', 'want']"
Graphic Truth: China's Battered Economy,image_232.jpg,https://www.gzeromedia.com/graphic-truth-chinas-battered-economy,"['graphic', 'truth:', ""china's"", 'battered', 'economy']"
Graphic Truth: Trump Keeps His Promise,image_233.jpg,https://www.gzeromedia.com/graphic-truth-trump-keeps-his-promise,"['graphic', 'truth:', 'trump', 'keeps', 'promise']"
Graphic Truth: Readers' Top Risks,image_234.jpg,https://www.gzeromedia.com/graphic-truth-readers-top-risks,"['graphic', 'truth:', ""readers'"", 'risks']"
Graphic Truth: China's Growing Clout In Latin America,image_235.jpg,https://www.gzeromedia.com/graphic-truth-chinas-growing-clout-in-latin-america,"['graphic', 'truth:', ""china's"", 'growing', 'clout', 'latin', 'america']"
Graphic Truth: China Gets 30x Bigger In 40 Years,image_236.jpg,https://www.gzeromedia.com/graphic-truth-china-gets-30x-bigger-in-40-years,"['graphic', 'truth:', 'china', 'gets', 'bigger', 'years']"
The Graphic Truth: Silicon Valley's Wild Ride,image_237.jpg,https://www.gzeromedia.com/thegraphic-truth-silicon-valleys-wild-ride,"['graphic', 'truth:', 'silicon', ""valley's"", 'wild', 'ride']"
Graphic Truth: It Could Be Worse!,image_238.jpg,https://www.gzeromedia.com/graphic-truth-it-could-be-worse,"['graphic', 'truth:', 'could', 'worse']"
THE GRAPHIC TRUTH: CAUGHT AT THE BORDER,image_239.jpg,https://www.gzeromedia.com/read/the-graphic-truth-caught-at-the-border,"['graphic', 'truth:', 'caught', 'border']"
GRAPHIC TRUTH: GRATEFUL AND HATEFUL,image_240.jpg,https://www.gzeromedia.com/read/graphic-truth-grateful-and-hateful,"['graphic', 'truth:', 'grateful', 'hateful']"
GRAPHIC TRUTH: SO EU WANT AN ARMY?,image_241.jpg,https://www.gzeromedia.com/read/graphic-truth-so-eu-want-an-army,"['graphic', 'truth:', 'want', 'army']"
GRAPHIC TRUTH: WHO JAILS THE MOST JOURNALISTS?,image_242.jpg,https://www.gzeromedia.com/read/graphic-truth-who-jails-the-most-journalist,"['graphic', 'truth:', 'jails', 'most', 'journalists']"
GRAPHIC TRUTH: WHO CONTROLS AFGHANISTAN?,image_243.jpg,https://www.gzeromedia.com/read/graphic-truth-who-controls-afghanistan,"['graphic', 'truth:', 'controls', 'afghanistan']"
GRAPHIC TRUTH: AMERICA’S FADING AID,image_244.jpg,https://www.gzeromedia.com/read/graphic-truth-americas-fading-aid,"['graphic', 'truth:', 'america’s', 'fading']"
GRAPHIC TRUTH: WHO ARMS THE SAUDIS?,image_245.jpg,https://www.gzeromedia.com/read/graphic-truth-who-arms-the-saudis,"['graphic', 'truth:', 'arms', 'saudis']"
THE GRAPHIC TRUTH: A WORLD GROWING APART,image_246.jpg,https://www.gzeromedia.com/read/the-graphic-truth-a-world-growing-apart,"['graphic', 'truth:', 'world', 'growing', 'apart']"
GRAPHIC TRUTH: BRAZIL’S HURRICANE WINDS OF CHANGE,image_247.jpg,https://www.gzeromedia.com/read/graphic-truth-brazils-hurricane-winds-of-change,"['graphic', 'truth:', 'brazil’s', 'hurricane', 'winds', 'change']"
Graphic Truth: Absorbing The Migrant Wave,image_248.jpg,https://www.gzeromedia.com/read/graphic-truth-absorbing-the-migrant-wave,"['graphic', 'truth:', 'absorbing', 'migrant', 'wave']"
"Graphic Truth: Cruel, Cruel Summer",image_249.jpg,https://www.gzeromedia.com/read/graphic-truth-cruel-cruel-summer,"['graphic', 'truth:', 'cruel', 'cruel', 'summer']"
GRAPHIC TRUTH: PARTING WAYS IN EUROPE,image_250.jpg,https://www.gzeromedia.com/read/graphic-truth-parting-ways-in-europe,"['graphic', 'truth:', 'parting', 'ways', 'europe']"
GRAPHIC TRUTH: WHAT THE PEOPLE THINK OF NATO,image_251.jpg,https://www.gzeromedia.com/read/graphic-truth-what-the-people-think-of-nato,"['graphic', 'truth:', 'what', 'people', 'think', 'nato']"
GRAPHIC TRUTH: NATO’S EASTWARD EXPANSION,image_252.jpg,https://www.gzeromedia.com/read/graphic-truth-natos-eastward-expansion,"['graphic', 'truth:', 'nato’s', 'eastward', 'expansion']"
Graphic Truth: Turn Out or Tune Out?,image_255.jpg,https://www.gzeromedia.com/read/graphic-truth-turn-out-tune-out,"['graphic', 'truth:', 'turn', 'tune', 'out']"
Graphic Truth: What Divides Your Country?,image_256.jpg,https://www.gzeromedia.com/read/graphic-truth-what-divides-your-country,"['graphic', 'truth:', 'what', 'divides', 'your', 'country']"
Graphic Truth: Staying Put(in),image_257.jpg,https://www.gzeromedia.com/read/graphic-truth-staying-putin,"['graphic', 'truth:', 'staying', 'put(in)']"
Graphic Truth: The Exodus,image_258.jpg,https://www.gzeromedia.com/read/the-exodus,"['graphic', 'truth:', 'exodus']"
Graphic Truth: One People. Too Different?,image_259.jpg,https://www.gzeromedia.com/read/one-people-too-different,"['graphic', 'truth:', 'people', 'different']"
Graphic Truth: Got My Arms Around the Whole World,image_260.jpg,https://www.gzeromedia.com/read/got-my-arms-around-whole-world,"['graphic', 'truth:', 'arms', 'around', 'whole', 'world']"
Graphic Truth: Soya Want a Trade War?,image_261.jpg,https://www.gzeromedia.com/read/soya-want-a-trade-war,"['graphic', 'truth:', 'soya', 'want', 'trade', 'war']"
Graphic Truth: Pugnaciously Popular Putin,image_262.jpg,https://www.gzeromedia.com/read/pugnaciously-popular-putin,"['graphic', 'truth:', 'pugnaciously', 'popular', 'putin']"
Graphic Truth: Italy's Lost Decade,image_263.jpg,https://www.gzeromedia.com/read/italys-lost-decade,"['graphic', 'truth:', ""italy's"", 'lost', 'decade']"
Graphic Truth: A Dream Deferred in South Africa?,image_264.jpg,https://www.gzeromedia.com/read/graphic-truth-a-dream-deferred-in-south-africa,"['graphic', 'truth:', 'dream', 'deferred', 'south', 'africa']"
Graphic Truth: China's Indian Ocean?,image_265.jpg,https://www.gzeromedia.com/read/graphic-truth-chinas-indian-ocean,"['graphic', 'truth:', ""china's"", 'indian', 'ocean']"
Graphic Truth: Going South,image_266.jpg,https://www.gzeromedia.com/read/graphic-truth-going-south,"['graphic', 'truth:', 'going', 'south']"
Graphic Truth: The (Mind) State of the Union,image_267.jpg,https://www.gzeromedia.com/read/graphic-truth-the-mind-state-of-the-union,"['graphic', 'truth:', '(mind)', 'state', 'union']"